source,db,pass,dup_of,fail_reasons,n_tables,n_cols,total_rows,size_mb,n_fks_declared,n_fks_inferred,has_person,person_tables,txn_tables,txn_no_key,fragmented,leak_match,max_leak_overlap,table_names
bird,address,True,,,9,81,258473,25.3,10,0,True,congress,congress; zip_data; alias; area_code; avoid; country; zip_congress,,False,,0.0,CBSA; state; congress; zip_data; alias; area_code; avoid; country; zip_congress
bird,beer_factory,True,,,7,61,14039,0.9,10,0,True,customers,rootbeer; rootbeerreview; transaction,,False,,0.15,customers; geolocation; location; rootbeerbrand; rootbeer; rootbeerreview; transaction
bird,books,True,,,15,50,84337,4.1,14,0,True,author; customer; customer_address; book_author,address; customer_address; book; book_author; cust_order; order_history; order_line,,False,,0.2,address_status; author; book_language; country; address; customer; customer_address; order_status; publisher; book; book_author; shipping_method; cust_order; order_history; order_line
bird,car_retails,True,,,8,59,3864,0.5,8,0,True,employees; customers,customers; orders; payments; products; orderdetails,,False,,0.2,offices; employees; customers; orders; payments; productlines; products; orderdetails
bird,chicago_crime,True,,,7,52,268824,63.6,6,0,False,,Neighborhood; Crime,,False,,0.0,Community_Area; District; FBI_Code; IUCR; Neighborhood; Ward; Crime
bird,college_completion,True,,,4,102,1391154,67.9,4,0,False,,institution_grads; state_sector_grads; state_sector_details,institution_grads; state_sector_grads,False,,0.0,institution_details; institution_grads; state_sector_grads; state_sector_details
bird,computer_student,True,,,4,12,712,0.0,3,0,True,person,advisedBy; taughtBy,,False,,0.1,course; person; advisedBy; taughtBy
bird,disney,True,,,5,23,1639,0.2,4,0,True,voice-actors,characters; director; movies_total_gross; voice-actors,,False,,0.06,characters; director; movies_total_gross; revenue; voice-actors
bird,food_inspection_2,True,,,5,40,701342,206.9,6,0,True,employee,employee; inspection; violation,,False,,0.2,employee; establishment; inspection; inspection_point; violation
bird,genes,True,,,3,15,6118,1.5,3,0,False,,Genes; Interactions,Genes,False,,0.0,Classification; Genes; Interactions
bird,legislator,True,,,5,107,27826,3.3,3,1,True,current; historical,current; current-terms; historical-terms; social-media,,False,,0.0,current; current-terms; historical; historical-terms; social-media
bird,mental_health_survey,True,,,3,8,234750,17.4,2,0,False,,Answer,,False,,0.25,Question; Survey; Answer
bird,menu,True,,,4,45,1845587,259.8,3,0,False,,MenuPage; MenuItem,,False,,0.0,Dish; Menu; MenuPage; MenuItem
bird,movie,True,,,3,27,7659,1.5,2,0,True,actor,characters,,False,,0.33,actor; movie; characters
bird,movielens,True,,,7,24,1249411,81.8,6,0,True,users; actors; movies2actors,movies2actors; movies2directors; u2base,,False,,0.06,users; directors; actors; movies; movies2actors; movies2directors; u2base
bird,olympics,True,,,11,32,701801,17.3,10,0,True,person; person_region,games_city; games_competitor; person_region; event; competitor_event,games_city; person_region; competitor_event,False,,0.06,city; games; games_city; medal; noc_region; person; games_competitor; person_region; sport; event; competitor_event
bird,professional_basketball,True,,,9,157,44822,6.4,9,1,True,awards_players; coaches; draft; player_allstar; players; awards_coaches; players_teams,awards_players; coaches; draft; player_allstar; awards_coaches; players_teams; series_post,,False,,0.11,awards_players; coaches; draft; player_allstar; players; teams; awards_coaches; players_teams; series_post
bird,public_review_platform,True,,,15,75,990846,62.3,16,0,True,Users_Compliments; Users,Business_Attributes; Business_Categories; Business_Hours; Checkins; Elite; Reviews; Tips; Users_Compliments,,False,,0.05,Attributes; Categories; Compliments; Days; Years; Business_Attributes; Business_Categories; Business_Hours; Checkins; Elite; Reviews; Tips; Users_Compliments; Business; Users
bird,regional_sales,True,,,6,41,8531,2.2,5,0,True,Customers,Store Locations; Sales Orders,,False,,0.18,Customers; Products; Regions; Sales Team; Store Locations; Sales Orders
bird,restaurant,True,,,3,12,19297,0.8,3,0,False,,generalinfo; location,,False,,0.0,geographic; generalinfo; location
bird,retail_complains,True,,,6,58,33289,24.0,6,0,True,client,callcenterlogs; client; district; events; reviews,,False,,0.07,state; callcenterlogs; client; district; events; reviews
bird,shakespeare,True,,,4,19,37380,11.5,3,0,False,,chapters; paragraphs,,False,,0.0,chapters; characters; paragraphs; works
bird,shipping,True,,,5,32,1684,0.1,4,0,True,customer; driver,shipment,,False,,0.12,city; customer; driver; truck; shipment
bird,social_media,True,,,3,21,205372,65.9,2,0,True,user,twitter,,False,,0.1,location; user; twitter
bird,student_loan,True,,,10,15,5288,0.3,9,0,True,person,disabled; enlist; filed_for_bankrupcy; longest_absense_from_school; male; no_payment_due; unemployed; enrolled,enlist,False,,0.07,bool; person; disabled; enlist; filed_for_bankrupcy; longest_absense_from_school; male; no_payment_due; unemployed; enrolled
bird,superstore,True,,,6,61,27787,6.3,8,0,True,people,central_superstore; east_superstore; south_superstore; west_superstore,,False,,0.09,people; product; central_superstore; east_superstore; south_superstore; west_superstore
bird,synthea,True,,,11,85,170810,36.8,18,0,True,patients,encounters; allergies; careplans; conditions; immunizations; medications; observations; procedures; claims,careplans; conditions; observations; procedures,False,,0.0,all_prevalences; patients; encounters; allergies; careplans; conditions; immunizations; medications; observations; procedures; claims
bird,university,True,,,6,20,32042,0.6,5,0,False,,university; university_ranking_year; university_year,university_ranking_year; university_year,False,,0.05,country; ranking_system; ranking_criteria; university; university_ranking_year; university_year
bird,video_games,True,,,8,21,105319,2.4,7,0,False,,game; game_publisher; game_platform; region_sales,region_sales,False,,0.05,genre; game; platform; publisher; game_publisher; game_platform; region; region_sales
bird,california_schools,True,,,3,89,29941,10.6,2,0,False,,frpm; satscores,,False,,0.0,frpm; satscores; schools
bird,card_games,True,,,6,115,803445,249.7,4,0,False,,foreign_data; legalities; set_translations; rulings,,False,,0.0,cards; foreign_data; legalities; sets; set_translations; rulings
bird,debit_card_specializing,True,,,5,21,423050,33.0,2,3,True,customers,transactions_1k; yearmonth,,False,,0.1,customers; gasstations; products; transactions_1k; yearmonth
bird,financial,True,,,8,55,1079680,68.0,8,0,True,client,account; card; client; disp; loan; order; trans,,False,,0.07,account; card; client; disp; district; loan; order; trans
bird,student_club,True,,,8,48,42511,2.5,8,0,True,member,attendance; budget,,False,,0.1,event; major; zip_code; attendance; budget; expense; income; member
bird,superhero,True,,,10,31,10614,0.2,11,0,True,superhero,superhero; hero_attribute; hero_power,hero_attribute; hero_power,False,,0.0,alignment; attribute; colour; gender; publisher; race; superhero; hero_attribute; superpower; hero_power
bird,thrombosis_prediction,True,,,3,64,15952,7.0,2,0,True,Patient,Examination; Laboratory,Examination,False,,0.0,Examination; Patient; Laboratory
bird,toxicology,True,,,4,11,49813,2.6,5,0,False,,atom; bond; connected,,False,,0.0,atom; bond; connected; molecule
spider2,AdventureWorks,True,,,13,120,168686,19.3,0,18,True,salesperson; SalesPersonQuotaHistory,product; productdescription; salesorderdetail; salesorderheader; SalesPersonQuotaHistory,,False,,0.05,salesperson; product; productmodelproductdescriptionculture; productdescription; productreview; productcategory; productsubcategory; salesorderdetail; salesorderheader; salesterritory; countryregioncurrency; currencyrate; SalesPersonQuotaHistory
spider2,Airlines,True,,,8,35,2289506,104.5,0,4,False,,boarding_passes; flights; seats; ticket_flights,boarding_passes; seats; ticket_flights,False,,0.08,aircrafts_data; airports_data; boarding_passes; bookings; flights; seats; ticket_flights; tickets
spider2,Brazilian_E_Commerce,True,,,10,62,1583873,109.3,0,5,True,olist_customers; olist_sellers,olist_order_reviews; olist_order_items; olist_orders; olist_order_payments,olist_order_reviews; olist_order_items; olist_order_payments,False,,0.23,olist_customers; olist_sellers; olist_order_reviews; olist_order_items; olist_products; olist_geolocation; product_category_name_translation; olist_orders; olist_order_payments; olist_products_dataset
spider2,IPL,True,,,8,52,293471,12.1,0,7,True,player; player_match,player_match; ball_by_ball; batsman_scored; wicket_taken; extra_runs,,False,,0.11,player; team; match; player_match; ball_by_ball; batsman_scored; wicket_taken; extra_runs
spider2,WWE,True,,,9,33,578890,167.9,0,5,True,Wrestlers,Cards; Matches,,False,,0.06,Promotions; Tables; Cards; Locations; Events; Matches; Belts; Wrestlers; Match_Types
spider2,school_scheduling,True,,,15,75,811,0.2,17,1,True,Faculty; Faculty_Categories; Faculty_Classes; Faculty_Subjects; Staff; Student_Class_Status; Student_Schedules; Students,Classes; Faculty_Categories; Faculty_Classes; Faculty_Subjects; Student_Schedules; Subjects,,False,,0.06,Buildings; Categories; Class_Rooms; Classes; Departments; Faculty; Faculty_Categories; Faculty_Classes; Faculty_Subjects; Majors; Staff; Student_Class_Status; Student_Schedules; Students; Subjects
spider1,college_2,True,,,11,46,34620,2.0,13,0,True,instructor; student,course; instructor; section; teaches; student; takes; advisor; prereq,,False,,0.1,classroom; department; course; instructor; section; teaches; student; takes; advisor; time_slot; prereq
spider1,college_3,True,,,8,39,490,0.0,9,0,True,Student; Faculty; Member_of,Member_of; Course; Enrolled_in,Member_of; Enrolled_in,False,,0.57,Student; Faculty; Department; Member_of; Course; Minor_in; Enrolled_in; Gradeconversion
spider1,csu_1,True,,,6,23,1943,0.1,5,0,True,faculty,degrees; discipline_enrollments; enrollments; faculty,faculty,False,,0.0,Campuses; csu_fees; degrees; discipline_enrollments; enrollments; faculty
spider1,flight_4,True,,,3,24,80586,3.0,3,0,False,,routes,,False,,0.23,routes; airports; airlines
spider1,hr_1,True,,,7,35,216,0.1,7,1,True,employees,employees,,False,,0.25,regions; countries; departments; jobs; employees; job_history; locations
